platform,title,url,author,view,like,has_subtitle,relevance,depth,clarity,has_math,has_code,audience,recommend,reason,video_id,duration,publish_time,subtitle_language,subtitle_source
bilibili,用最直观的方式告诉你：什么是主成分分析PCA,http://www.bilibili.com/video/av459231629,交通数据小旭学长,663379,29634,False,10,6,7,False,False,本科入门,yes,高播放和点赞表明讲解直观有吸引力，适合PCA入门学习，但无字幕可能影响部分学习者体验。,BV1E5411E71z,1485,2021-02-13T13:33:04+08:00,,
bilibili,PCA 主成分分析，机器学习最后一个模型,http://www.bilibili.com/video/av116463759333434,谦行AIing,4798,175,False,10,6,5,True,False,本科入门,yes,视频时长较长，标题直接对应PCA主题，可能提供基础讲解，但缺乏字幕和内容信息，建议自行验证质量。,BV1YMoDBuEm2,1339,2026-04-30T19:00:00+08:00,,
bilibili,一二老师讲主成分分析,http://www.bilibili.com/video/av116672652384344,小侃数据,403,17,False,9,3,7,True,False,科普,yes,视频快速梳理PCA核心步骤，适合初学者建立直觉，但深度有限，缺乏推导和实现。,BV1pYV964Ei2,279,2026-06-01T11:12:13+08:00,,
bilibili,STATA|主成分分析法（PCA）操作方法全程演示（完整版时间较长，后一期是精简版）,http://www.bilibili.com/video/av829318023,蔚梓逸_,52999,768,False,6,3,5,False,False,本科入门,no,仅演示STATA软件操作，未解释PCA数学原理和概念，不适合作为PCA理论教学资源,BV1Wu4y117kK,1101,2023-08-04T17:06:42+08:00,,
bilibili,主成分分析图(PCA)解析-让主成分分析更加通俗易懂,http://www.bilibili.com/video/av519790295,想看雪的瓜,212715,2603,False,9,3,6,False,False,科普,yes,视频以通俗方式图解PCA，帮助建立直观理解，适合入门，但深度较浅，缺乏数学推导与代码演示。,BV1dg411x7G9,559,2023-01-06T18:09:42+08:00,,
bilibili,023 #ENVI-遥感影像分析-主成分分析,http://www.bilibili.com/video/av726060211,番茄酱味的土豆泥,15116,172,False,6,3,4,False,False,本科入门,no,视频仅展示ENVI软件操作，缺乏主成分分析的原理讲解，不适合作为教学资源。,BV1qS4y1a7tw,253,2022-04-27T00:34:10+08:00,,
bilibili,6-主成分分析法构建RSEI,http://www.bilibili.com/video/av112654895089190,做梦的咸鱼dream,5257,76,False,3,2,5,False,False,本科入门,no,该视频专注于使用PCA构建RSEI指数而非讲解PCA原理，不适合作为PCA主成分分析的教学材料。,BV1k6g9erEfa,337,2024-06-21T21:44:38+08:00,,
bilibili,图像增强—pca主成分变换,http://www.bilibili.com/video/av374149940,露天金鱼,5940,89,False,7,5,5,True,False,本科入门,no,视频仅涉及遥感图像处理中的PCA应用，缺乏一般性原理讲解，不适合作为通用PCA教学资源。,BV18o4y197PA,716,2021-02-14T16:30:29+08:00,,
bilibili,【小白学统计】spss主成分分析实战演练、主成分分析进行综合评价案例分析、主成分分析步骤,http://www.bilibili.com/video/av494731860,小白在学统计,10180,162,False,9,4,6,False,False,本科入门,yes,视频聚焦于SPSS中PCA的实战操作与综合评价案例，适合初学者快速上手应用，但缺乏数学推导与理论深度。,BV1wN411V743,922,2023-12-13T16:49:23+08:00,,
bilibili,拿捏了！origin绘制PCA图，主成分分析图详解。,http://www.bilibili.com/video/av1151790226,萤火虫科研,123740,1657,False,3,2,5,False,False,科普,no,此视频主要演示如何使用Origin软件绘制PCA图，而非讲解PCA原理，不适合作为PCA教学资源。,BV1pZ421h7JJ,435,2024-03-18T21:03:45+08:00,,
bilibili,利用ENVI进行主成分分析（PCA）,http://www.bilibili.com/video/av640964167,三千思丶,10060,94,False,2,0,4,False,False,科普,no,视频仅演示ENVI软件操作，未讲解PCA原理、推导或数学，不适合作为教学资源。,BV1PY4y18711,506,2022-04-21T20:03:29+08:00,,
bilibili,【操作】利用ArcGIS进行主成分分析（PCA）,http://www.bilibili.com/video/av254953832,三千思丶,12252,142,False,3,2,5,False,False,科普,no,仅演示ArcGIS操作，无原理讲解，不适合作为PCA教学资源。,BV1vY411n7A8,382,2022-03-21T13:12:35+08:00,,
bilibili,主成分分析法（PCA）SPSS+EXCEL操作教学,http://www.bilibili.com/video/av229743557,落幕De晨曦,189642,3306,False,10,3,7,False,False,本科入门,no,视频仅演示软件操作步骤，缺乏PCA原理、数学推导和实际应用讲解，不适合作为完整教学资源。,BV1ah411T7vp,956,2023-06-11T15:18:36+08:00,,
bilibili,origin绘制主成分分析(PCA)图,http://www.bilibili.com/video/av768688036,研渣渣的学习笔记,297970,3499,False,4,1,5,False,False,科普,no,视频仅演示用Origin绘制PCA图，缺乏PCA原理讲解与数学推导，不适合作为教学资源。,BV1Ar4y187eD,472,2022-05-01T09:36:12+08:00,,
bilibili,PCA主成分分析课件例题，不用管为什么，跟着做！,http://www.bilibili.com/video/av114670862081823,数千年,11389,312,False,8,2,6,True,False,本科入门,no,视频仅演示计算步骤，缺乏原理讲解，不适合作为系统性教学资源。,BV1hoMwzhERC,1043,2025-06-13T04:59:44+08:00,,
youtube,主成分分析(PCA)の気持ち,https://www.youtube.com/watch?v=Etjrjx6iSsQ,予備校のノリで学ぶ「大学の数学・物理」,83106,0,False,10,7,7,True,False,本科入门,yes,直观展示PCA思想，但缺少数学推导和代码实践，适合作为入门辅助材料。,Etjrjx6iSsQ,2109,,,
youtube,主成分分析（PCA）の仕組みを理解して動かしてみよう,https://www.youtube.com/watch?v=9sn0b3tml50,K_DM,9387,0,False,10,5,4,False,False,本科入门,no,视频无字幕且为日语讲解，可能影响非日语母语者理解，且缺乏字幕文本评估清晰度。,9sn0b3tml50,457,,,
youtube,[Compressing Information with Correlation] Understanding the Mindset of Principal Component Analy...,https://www.youtube.com/watch?v=mMmTHoZKWTI,AIcia Solid Project,86722,0,False,9,5,7,False,False,本科入门,yes,视频从相关性和信息压缩角度讲解PCA思维，时长适中，适合入门理解，但缺乏数学推导和代码演示。,mMmTHoZKWTI,1489,,,
youtube,主成分分析（PCA）,https://www.youtube.com/watch?v=FD4DeN81ODY,Visually Explained,416960,0,True,10,9,9,True,False,本科进阶,yes,包含完整的PCA数学推导和特征值解释，讲解清晰，适合本科进阶教学，但无代码实现。,FD4DeN81ODY,388,,en,youtube_transcript
youtube,【5分で分かる】主成分分析について簡単に解説！,https://www.youtube.com/watch?v=5uEp2g35qEU,スタビジ【誰でもAIデータサイエンス】byウマたん,46650,0,False,10,2,5,False,False,科普,yes,仅作为5分钟科普入门，帮助建立直观理解，但缺乏数学推导与深度，不适合系统学习。,5uEp2g35qEU,329,,,
youtube,主成分分析の最大の特徴である『次元の縮約』の考え方をサクッと理解できる！,https://www.youtube.com/watch?v=ar8VGpNgwt4,データサイエンスLab.,18537,0,False,10,3,8,False,False,科普,yes,视频直接讲解PCA降维概念，适合快速入门理解，但缺乏数学和代码演示，且为日语无字幕，可能限制中文使用者。,ar8VGpNgwt4,737,,,
youtube,主成分分析（PCA）（OriginPro / 動画で学ぶ操作方法）,https://www.youtube.com/watch?v=XcJPYdHhm_o,LightstoneCorp,923,0,False,8,3,6,False,False,科普,no,该视频主要演示如何使用OriginPro软件进行PCA操作，缺乏对PCA原理的讲解，不适合作为理论教学资源。,XcJPYdHhm_o,361,,,
youtube,【線形代数】主成分分析 - ←は対称行列の固有ベクトルを順に見るだけ【行列20主成分分析への応用】 #162 #VRアカデミア #線型代数入門,https://www.youtube.com/watch?v=R5oOco7BG2E,AIcia Solid Project,9180,0,False,9,7,7,True,False,本科入门,yes,视频从线性代数角度讲解PCA的数学原理，适合本科入门学习。,R5oOco7BG2E,1659,,,
youtube,『主成分スコア』『固有値』『寄与率』による、主成分分析結果の基礎的な解釈ができる！,https://www.youtube.com/watch?v=bBEKlulWPH4,データサイエンスLab.,23165,0,False,10,5,7,True,False,本科入门,yes,视频聚焦于PCA结果的基本解释，包含特征值与贡献率等数学内容，适合初学者。,bBEKlulWPH4,693,,,
youtube,"StatQuest: Principal Component Analysis (PCA), Step-by-Step",https://www.youtube.com/watch?v=FgakZw6K1QQ,StatQuest with Josh Starmer,3614391,0,True,10,8,10,True,False,本科入门,yes,视频用逐步图解方式清晰讲解PCA原理和SVD，适合本科入门系统学习，但缺乏代码实现环节。,FgakZw6K1QQ,1318,,zh-Hans,youtube_transcript
youtube,主成分分析（PCA）,https://www.youtube.com/watch?v=fkf4IBRSeEc,Steve Brunton,488014,0,True,10,8,9,True,False,本科进阶,yes,详细讲解了PCA的统计解释和SVD方法，数学推导清晰，适合深入学习但缺少代码演示。,fkf4IBRSeEc,826,,en,youtube_transcript
youtube,【機械学習入門】主成分分析(PCA)をさくっと理解する,https://www.youtube.com/watch?v=PbOuHnAYML0,みんなのケモメトリックス,503,0,False,9,5,6,False,False,本科入门,yes,该视频为PCA入门讲解，适合初学者快速理解概念，但深度有限。,PbOuHnAYML0,819,,,
youtube,30分鐘讀懂主成分分析,https://www.youtube.com/watch?v=JUPU8mJryL4,李政軒,12961,0,False,10,7,8,True,False,本科入门,yes,以簡單方式講解PCA原理，適合初學者建立基本概念，但缺乏程式實作和深入數學推導。,JUPU8mJryL4,1800,,,
youtube,什么是降维算法，PCA主成分分析的原理详解,https://www.youtube.com/watch?v=WquvZBWzI5Q,小黑黑讲AI,7016,0,False,10,8,6,True,False,本科入门,yes,视频标题显示为PCA原理详解，内容目标明确，适合作为PCA教学资源，但缺少字幕可能影响部分学习者理解。,WquvZBWzI5Q,479,,,
youtube,【奥村准教授解説】07_主成分分析,https://www.youtube.com/watch?v=6W--S_tMBHI,滋賀大学データサイエンス【公式】,167,0,False,10,7,6,True,False,本科入门,yes,视频为大学数据科学课程，系统讲解PCA，适合作为入门教学资源。,6W--S_tMBHI,1230,,,
